{"last_download_success": 1612293532.7902396, "unseen_downloads": ["/home/sam/.config/variety/Downloaded/Unsplash/photo-1611614428905-038673dee8e5.jpg", "/home/sam/.config/variety/Downloaded/Unsplash/photo-1612173871684-88d1752474dc.jpg", "/home/sam/.config/variety/Downloaded/Unsplash/photo-1612027168186-e84825ce6a14.jpg", "/home/sam/.config/variety/Downloaded/Unsplash/photo-1611220277153-a90d3b6e739a.jpg", "/home/sam/.config/variety/Downloaded/Unsplash/photo-1610748402795-859b3099fe39.jpg", "/home/sam/.config/variety/Downloaded/Unsplash/photo-1610129304523-f02f02e3c436.jpg", "/home/sam/.config/variety/Downloaded/Unsplash/photo-1611774017274-ec655f187ef3.jpg", "/home/sam/.config/variety/Downloaded/Unsplash/photo-1610718396968-5899c30de97a.jpg", "/home/sam/.config/variety/Downloaded/Unsplash/photo-1611428360835-2e6d5a774359.jpg", "/home/sam/.config/variety/Downloaded/Unsplash/photo-1611635167701-4c97c1bbb7d1.jpg", "/home/sam/.config/variety/Downloaded/Unsplash/photo-1610807741287-26450e071ca9.jpg"], "last_download_failure": 1612292291.657219}